{"cameraMode":{"drawMode":0,"name":"Shaded","section":"Shading Mode"},"sceneLighting":true,"audioPlay":false,"sceneViewState":{"showFog":false,"showMaterialUpdate":false,"showSkybox":false,"showFlares":false,"showImageEffects":false,"showParticleSystems":false},"in2DMode":false,"pivot":{"x":-7.546731948852539,"y":-131.30746459960938,"z":121.84051513671875},"rotation":{"x":0.34607088565826418,"y":-0.009839273989200592,"z":0.0036758019123226406,"w":0.938149631023407},"size":324.9063415527344,"orthographic":false}