{"cameraMode":{"drawMode":0,"name":"Shaded","section":"Shading Mode"},"sceneLighting":true,"audioPlay":false,"sceneViewState":{"showFog":false,"showMaterialUpdate":false,"showSkybox":false,"showFlares":false,"showImageEffects":false,"showParticleSystems":false},"in2DMode":false,"pivot":{"x":-199.98016357421876,"y":280.5629577636719,"z":-2483.6875},"rotation":{"x":-0.12038871645927429,"y":-0.20338554680347444,"z":0.025207653641700746,"w":-0.971342146396637},"size":1953.500244140625,"orthographic":false}