{"cameraMode":{"drawMode":0,"name":"Shaded","section":"Shading Mode"},"sceneLighting":true,"audioPlay":false,"sceneViewState":{"showFog":false,"showMaterialUpdate":false,"showSkybox":false,"showFlares":false,"showImageEffects":false,"showParticleSystems":false},"in2DMode":false,"pivot":{"x":25.391233444213868,"y":-128.79544067382813,"z":-3.6110856533050539},"rotation":{"x":0.7123845219612122,"y":-0.003129660850390792,"z":0.0032387464307248594,"w":0.7017749547958374},"size":272.4538879394531,"orthographic":false}